numero_cta,nivel,tipo_cta,nombre
10000000,1,1,Activos
11000000,2,1,Efectivo en Caja y Bancos
11010000,3,1,EFECTIVO EN CAJA
11010001,4,1,CAJA GENERAL
11010002,4,1,CAJA CHICA OCOA
11010003,4,1,CAJA CHICA STO. DGO.
11020000,3,1,CAJA GENERAL RD$ Y US$ SD
11020002,4,1,CAJA US$
11020003,4,1,PRIMA CAJA US$
11020004,4,1,TRANSFERENCIA BANCARIA
11030000,3,1,EFECTIVO EN BANCOS RD$
11030001,4,1,BANCO DEL PROGRESO OCOA
11030002,4,1,BANCO POPULAR - OCOA
11030003,4,1,BANCO DE RESERVAS
11030004,4,1,BANCO DEL PROGRESO CTA 411-001856-2
11030006,3,1,CUENTA EN US$ BPD
11030007,3,1,CUENTA PRIMA BPD NEW YORK
11030008,3,1,CUENTA EN US$ BCO. DEL PROGRESO
11030009,3,1,PRIMA CTA US$ BANCO DEL PROGRESO
11030010,4,1,BANCO DE RESERVAS OCOA
11030011,4,1,CUENTA RD$ SCOTIABANK
11030012,4,1,CUENTA RD$ SCOTIABANK OCOA
11050000,3,1,EFECTIVO EN BANCOS US$ SD
11050001,4,1,BANCO UNION
11050002,4,1,DRESDNER LATEINAMERICA BANK AG
11050003,4,1,BPD INTERNATIONAL BANK
11050004,4,1,PRIMA EN COMPRA DE DIVISAS
11050005,4,1,CUENTA US$ SCOTIABANK
11050006,4,1,PRIMA CTA US$ SCOTIABANK
12000000,2,1,Documentos y Cuentas por Cobrar
12010000,3,1,DOCUMENTOS X COBRAR CLIENTES Ocoa
12010001,4,1,CUENTAS X COBRAR CLIENTES RD$
12010002,4,1,CUENTAS POR COBRAR CLIENTES US$
12010003,4,1,PRIMA CUENTAS POR COBRAR CLIENTES US$
12020000,3,1,RESERVAS CUENTAS POR COBRAR
12020001,4,1,RESERVAS CUENTAS POR COBRAR
12030000,3,1,COSECHEROS E INTERMEDIARIOS Ocoa
12030001,4,1,COSECHEROS E INTERMEDIARIOS Ocoa
12030002,4,1,CARGA INICIAL BALANCES COSECHEROS
12030003,4,1,FIJACION DE PRECIO CAFE POR PAGAR
12040000,3,1,CUENTAS POR COBRAR VARIAS
12040001,4,1,CUENTAS POR COBRAR VARIAS
12040002,4,1,CUENTAS  POR COBRAR VARIAS
12040003,4,1,CUENTA POR COBRAR TERRENOS
12050000,3,1,FUNCIONARIOS Y EMPLEADOS  SD
12050001,4,1,FUNCIONARIOS Y EMPLEADOS  SD
12050002,4,1,CUENTAS POR COBRAR JUAN MANUEL THOMAS
12050003,4,1,CUENTA POR COBRAR A DALMARE
12050004,4,1,CUENTAS POR COBRAR DOÑA AYDA RAMIREZ
12060000,3,1,OTRAS CUENTAS POR COBRAR
12060001,4,1,OTRAS CUENTAS POR COBRAR
12060002,4,1,C X C VENTAS A EMPLEADOS OCOA
12060003,4,1,CUENTAS POR COBRAR CREIXA
13000000,2,1,Inventarios
13010000,3,1,PRODUCTOS TERMINADOS Ocoa
13010006,4,1,INV. RECUA
13010007,4,1,INV. APICULTURA RANCHA ARRIBA
13010012,4,1,CAFE PILADO Y TRILLADO
13010013,4,1,CAFE TRILLA
13020000,3,1,MATERIA PRIMA OCOA
13020004,4,1,CAFE PERGAMINO
13030000,3,1,MATERIAL EMPAQUE OCOA
13030001,4,1,INV. MATERIAL DE EMPAQUE
13030002,4,1,INV. FUNDAS CAFE MOLIDO
13030003,4,1,INV. SACOS USADOS
13040000,3,1,PRODUCCION EN PROCESO
13040001,4,1,PRODUCCION EN PROCESO
13040002,4,1,CAFE SIN TRILLAR
13050000,3,1,INV. CAFE FINCAS
13050001,4,1,INV. CULTIVO CAFE R.A.
13050002,4,1,INV. CULTIVO CAFE LA COLONIA
13050003,4,1,INV. CAFE AGROCASA
13060000,3,1,INSUMOS AGRICOLAS
13080000,3,1,OTROS INVENTARIOS
13080001,4,1,INVENTARIO DE REPUESTOS Y ACCESORIO
13080002,4,1,INV. COMBUSTIBLES
13080003,4,1,INV. MERCADERIA
13090000,3,1,INVENTARIO EN TRANSITO   S.D.
13090001,4,1,INVENTARIO EN TRANSITO OCOA
14000000,2,1,Gastos Pagados por Adelantado
14010000,3,1,IMPUESTOS Y SEGUROS  LV
14010001,4,1,ANTICIPO IMPUESTO/RENTA
14010002,4,1,ITBIS ANTICIPADO
14010003,4,1,SEGURO ACCIDENTE DE TRABAJO
14010004,4,1,SEGUROS INCENDIOS Y ALIADOS
14010005,4,1,SEGUROS DE TRANSPORTE
14010006,4,1,MANTENIMIENTO DE EQUIPOS
14010007,4,1,RESPONSABILIDAD CIVIL(SEG.AMER
14010008,4,1,OTROS SEGUROS
14010009,4,1,RETENCION 1% NORMA 07-19
15000000,2,1,Inversiones
15030000,3,1,INVERSIONES AGRICOLAS
15030001,4,1,FOMENTO CAFÉ (R A)
15030002,4,1,CULTIVO PLATANOS
15030003,4,1,APICULTURA
15030004,4,1,FOMENTO LEUCAENA
15030005,4,1,FOMENTO FRUTALES (R.A)
15030006,4,1,FOMENTO FRUTALES (GALION)
16000000,2,1,Inversiones
16010000,3,1,Certificados financieros
16010001,4,1,Certificados en moneda extranjera
16010002,4,1,Prima certificados en moneda extranjera
16010003,3,1,Certificados financieros Banco Union
16010004,3,1,Certificado financiero Banco del Progreso
16010005,3,1,Inversiones en otras compañías
17000000,2,1,Activos Fijos
17010000,3,1,TERRENOS OCOA
17010010,4,1,TERRENOS OCOA
17010011,4,1,TERRENO HERRERA
17020000,3,1,EDIFICACIONES   OCOA
17020021,4,1,EDIFICACIONES-CATEGORIA I
17020028,4,1,EDIFICACIONES EN TRANSITO
17030000,3,1,MAQUINARIAS Y EQUIPOS OCOA
17030033,4,1,MAQUINARIAS Y EQUIPOS CATEGORIA III
17030038,4,1,MAQUINARIAS Y EQUIPOS EN TRANSITO
17040000,3,1,MOBILIARIOS Y EQUIPOS OCOA
17040042,4,1,MOBILIARIOS Y EQUIPOS-CATEGORIA II
17040043,4,1,MOBILIARIOS Y EQUIPOS-CATEGORIA III
17040048,4,1,MOBILIARIOS Y EQUIPOS EN TRANSITO
17050000,3,1,VEHICULOS DE MOTOR OCOA
17050052,4,1,VEHICULOS DE MOTOR CATEGORIA II
17050053,4,1,VEHICULOS DE MOTOR CATEGORIA III
17050058,4,1,VEHICULOS DE MOTOR TRANSITO
17060000,3,1,TECNOLOGIA DE INFORMACION
17060062,4,1,TECNOLOGIA DE INFORMACION CATEGORIA
17060068,4,1,TECNOLOGIA DE INFORMACION TRANSITO
17070000,3,1,MEJORAS  OCOA
17070021,4,1,EDIFICIOS
17070022,4,1,EDIFICIO HERRERA
17070033,4,1,MAQUINARIAS Y EQUIPOS CATEGORIA II
17070042,4,1,MOBILIARIOS Y EQUIPOS-CATEGORIA II
17070043,4,1,MOBILIARIOS Y EQUIPOS-CATEGORIA III
17070052,4,1,VEHICULOS DE MOTOR CATEGORIA II
17070053,4,1,VEHICULOS DE MOTOR CATEGORIA III
17070062,4,1,TECNOLOGIA DE INFORMACION
1708,2,1,REVALUACIONES
17080010,3,1,REVALUACION TERRENO HERRERA
17080011,3,1,REVALUACION TERRENO OCOA
17080021,3,1,REVALUACION EDIFICIO HERRERA
17080022,3,1,REVALUACION EDIFICIO OCOA
18000000,2,1,Depreciaciones
18020000,3,1,DEP[RECIACION EDIFICACIONES   OCOA
18020021,4,1,EDIFICACIONES-CATEGORIA I
18030000,3,1,DEPRECIACION MAQUINARIAS Y EQUIPOS
18030033,4,1,MAQUINARIAS Y EQUIPOS CATEGORIA III
18040000,3,1,DEPRECIACION MOBILIARIOS Y EQUIPOS
18040042,4,1,MOBILIARIOS Y EQUIPOS-CATEGORIA II
18040043,4,1,MOBILIARIOS Y EQUIPOS-CATEGORIA III
18050000,3,1,DEPRECIACION VEHICULOS DE MOTOR OCO
18050052,4,1,VEHICULOS DE MOTOR CATEGORIA II
18050053,4,1,VEHICULOS DE MOTOR CATEGORIA III
18060000,3,1,DEPRECIACION TECNOLOGIA DE INFORMAC
18060062,4,1,TECNOLOGIA DE INFORMACION CATEGORIA
19000000,2,1,Activos Diferidos
19010000,3,1,FIANZAS Y DEPOSITOS
19010001,4,1,C D E
19010002,4,1,CODETEL
19010003,4,1,SEGURO SOCIAL
19010004,4,1,CAASD
19010005,4,1,LOTE DE MONEDAS CONMEMORATIVAS
19010006,4,1,CUADROS PARA OFICINAS
19010007,4,1,SISTEMA DE COMUNICACION
19010008,4,1,DOMINICAN WATCHMAN NATIONAL
19010009,4,1,FIANZA CONTINGENCIAS LABORALES
19020000,3,1,OTROS PAGOS DIFERIDOS
19020001,4,1,GASTOS DE ORGANIZACION
19020002,4,1,MEJORAS EN PROPIEDAD AJENA
19020003,4,1,EMPALIZADA GALION
19020004,4,1,MEJORAS EN PROPIEDADES (FINCAS)
19020005,4,1,MEJORA PROPIEDADES OCOA
20000000,1,2,Pasivos
21000000,2,2,Prestamos y Documentos por Pagar Corto Plazo
21010000,3,2,PRESTAMOS BANCARIOS EN RD$
21010001,4,2,BANCO DE RESERVAS
21010002,4,2,BANCO DEL PROGRESO
21010003,4,2,BANCO POPULAR(PREST.PIGNORADO)
21010004,4,2,BANCO NOVA SCOTIA
21010005,4,2,BANCO POPULAR LA VEGA (OBLIG)
21010006,4,2,BANCO BHD, S.A
21010007,4,2,ASOCIACION LA VEGA REAL
21010008,4,2,BCO.POPULAR
21010009,4,2,BCO.RESERVAS
21010010,4,2,BANCO UNION
21010011,4,2,BCO. POPULAR (PREST.PIGNORADO)
21010012,4,2,BCO. POPULAR (PREST.PIGNORADO)
21010013,4,2,BCO.RESERVAS (PREST.PIGNORADO)
21010014,4,2,BANCO MERCANTIN (PIGNORADO)
21010015,4,2,COTISA
21020000,3,2,PRESTAMOS BANCARIOS EN US$
21020001,4,2,BANCO NOVA SCOTIA N.Y. (US$)
21020002,4,2,BANCO BHD, S.A (US$)
21020003,4,2,BANCO BHD CAYMAN INTL (US$)
21020004,4,2,BANCREDITO (US$)
21020099,4,2,PRIMA DE PRESTAMOS EN US$
22000000,2,2,Cuentas por Pagar Proveedores
22010000,3,2,CUENTAS POR PAGAR PROVEEDORES RD$
22010001,4,2,CUENTAS POR PAGAR PROVEEDORES RD$
22020000,3,2,CUENTAS POR PAGAR PROVEEDORES US$
22020001,4,2,CUENTAS POR PAGAR PROVEEDORES US$
22030000,3,2,PRIMA EN CONVERSION CAMBIARIA
22030001,4,2,PRIMA EN CONVERSION CAMBIARIA
23000000,2,2,Otras Cuentas por Pagar
23010000,3,2,OTRAS CUENTAS POR PAGAR
23010001,4,2,OTRAS CUENTAS POR PAGAR
23010002,3,2,CUENTAS POR PAGAR CREIXA
24000000,2,2,Provisiones
24010000,3,2,PROVISIONES X PAGAR OCOA
24010001,4,2,BONIFICACIONES
24010002,4,2,REGALIA PASCUAL
24010003,4,2,IMPUESTO SOBRE LA RENTA
24010004,4,2,CUENTAS DUDOSAS
24010005,4,2,PUBLICIDAD LA GARZA
24010006,4,2,PROV. SEGURO SOCIAL
24010007,4,2,FONDO SEGURO MEDICO (FIJOS)
24010008,4,2,PROV. ENERGIA ELECTRICA
24010009,4,2,PROV. PARA DEPRECIACION
24010010,4,2,FONDO SEGURO MEDICO (OBREROS)
24010011,4,2,PROV.GTOS.PERIODOS MUERTOS
24010012,4,2,PROV. MERMA INVENTARIO
24010013,4,2,PROV.RVAS.DEP.REP.CAPITALIZABL
24010014,4,2,PROV.RVAS.DEP.OTROS MUEB.Y EQ.
24010015,4,2,PROV.AMORTIZACION FOMENTO CAFE
25000000,2,2,Retenciones por Pagar
25010000,3,2,RETENCIONES X PAGAR
25010002,4,2,I D S S
25010003,4,2,ITBIS
25010004,4,2,INFOTEP
25010005,4,2,SEGURO MEDICO Y DE VIDA
25010006,4,2,SEGURO PALIC
25010007,4,2,SEGURO DENTAL
25010008,4,2,COMEDOR EMPLEADOS
25010009,4,2,ADOVIME
25010010,4,2,AGROSA
25010011,4,2,RET. SEGURO MEDICO EMPL.FIJOS
25010012,4,2,RET. SEGURO MEDICO OBREROS
25010013,4,2,PRESTAMO BCO.PROGRESO EMPLEADO
25010014,4,2,ARS HUMANO
25010016,4,2,A. F. P.
25010018,4,2,SEGURO FAMILIAR DE SALUD
25020000,3,2,RETENCIONES ISR
25020001,4,2,RETENCIONES ISR-ASALARIADOS
25020002,4,2,RETENCIONES ISR-SERVICIOS Y HONORAR
25020003,4,2,RETENCIONES ISR-ALQUILER
25020004,4,2,RETENCIONES ISR-DIVIDENDOS
25020005,4,2,RETENCIONES ISR-FLETES
25020006,4,2,RETENCIONES ISR-INTERES
25020007,4,2,RETENCIONES ISR-OTRAS RENTAS
25020008,4,2,RETENCIONES ISR-RETRIBUCIONES COMP
26000000,2,2,Acumulaciones por Pagar
26010000,3,2,ACUMULACIONES X PAGAR SD
26010001,4,2,SUELDOS X PAGAR
26010003,4,2,DIFERECIAS FAVOR.O DESFAV.
26010004,4,2,IMPUESTO ADUANALES
26010005,4,2,SEGUROS DE IMPORTACION
26010006,4,2,OTROS GASTOS DE IMPORTACION
26010007,4,2,CAJA CHICA
26010008,4,2,GASTOS DE AUDITORIA
26010009,4,2,RECARGO CAMBIARIO POR PAGAR
27000000,2,2,Prestamos y Documentos por Pagar Corto Plazo
27010000,3,2,PRESTAMOS BANCARIOS RD$  SD
27010001,4,2,BANCO DE RESERVAS
27010002,4,2,BANCO DEL PROGRESO
27010003,4,2,BANCO POPULAR
27010004,4,2,BANCO NOVA SCOTIA
27010005,4,2,BANCO BHD, S.A.
27010006,4,2,COTISA
27010007,4,2,BANCO METROPOLITANO, S.A.
27020000,3,2,PRESTAMOS BANCARIOS US$ SD
27020001,4,2,BANCO NOVA SCOTIA N.Y. (US$)
27020002,4,2,BANCO BHD, S.A.(US$)
27020003,4,2,BANCO POPULAR DOMINICANO US$
27020004,4,2,BANCO POPULAR US$
27020005,4,2,BANCREDITO (US$)
27030000,3,2,PRIMA EN CAMBIO US$
27030099,4,2,PRIMA EN CAMBIO US$
28000000,2,2,Depositos de Terceros
28010000,3,2,DEPOSITOS DE TERCEROS
28010001,4,2,DEPOSITOS DE TERCEROS
28010002,4,2,GEORGINA GUERRERO DE BURGOS
28010003,4,2,JOSE ALBERTO BURGOS
28010004,4,2,NELSON BURGOS
29000000,2,2,Cuentas x Pagar Accionistas
29010000,3,2,ACREENCIAS DE ACCIONISTAS SD
29010001,4,2,ACREENCIAS DE ACCIONISTAS SD
30000000,1,3,Capital
31000000,2,3,Capital Suscrito y Pagado
31010000,3,3,CAPITAL SUSCRITO Y PAGADO
31010001,4,3,CAPITAL SUSCRITO Y PAGADO
31010002,4,3,ACCIONES NO EMITIDAS
32000000,2,3,Reserva Legal
32010000,3,3,RESERVA LEGAL
32010001,4,3,RESERVA LEGAL
32020000,3,3,OTRAS RESERVAS
32020001,4,3,RESERVA GENERAL
32020002,4,3,RESERVA PARA AUMENTO CAPITAL
32020003,4,3,RESERVA PARA CONTINGENCIAS
33000000,2,3,Resultados Acumulados
33010000,3,3,SUPERAVIT
33010001,4,3,UTILIDADES ANOS ANTERIORES
33010002,4,3,UTILIDADES  DEL EJERCICIO
33010003,4,3,GAN.RET./DIV.EN ACC.OTRAS CIAS
33010004,4,3,APORTES PARA FUTURA CAPITALIZACION
33010005,4,3,SUPERAVIT POR REVALUACION
40000000,1,4,Ingresos
41000000,2,4,Ingresos por Ventas
41010000,3,4,INGRESOS X VENTAS
41010001,4,4,VENTAS FARMACEUTICOS
41010002,4,4,VENTAS CODETEL
41010003,4,4,VENTAS COSMETICOS
41010004,4,4,VENTAS ARROZ
41010005,4,4,VENTAS AFRECHO
41010006,4,4,VENTAS SUB-PRODUCTOS
41010007,4,4,VENTAS ACEITE OLIVA MAEVA
41010008,4,4,VENTA CASCARA DE ARROZ
41010009,4,4,OTROS INGRESOS ARROZ
41010010,4,4,VENTAS CAFE EXPORTACION
41010011,4,4,VENTAS CAFE LOCAL
41010012,4,4,VENTAS SACOS VACIOS
41010013,4,4,VENTAS GANADO
41010014,4,4,VENTAS MERCADERIA
41010015,4,4,VENTAS FERTILIZANTES
41010016,4,4,VENTAS DE COMBUSTIBLES
41030000,3,4,VENTAS CAFE
41030001,4,4,VENTAS CAFE LOCAL
41030002,4,4,VENTAS CAFE EXPORTACION
41030003,4,4,CONVERSION CAMBIARIA EXPORTACION
41040000,3,4,VENTAS DIVISION AGROPECUARIA
41040001,4,4,VENTAS DE GANADO
41040005,4,4,VENTAS DE FRUTOS MENORES
41040006,4,4,VENTAS PRODUCTOS DE APICULTURA
41040007,4,4,VENTAS POSTES, LEÑA, CARBON Y OTROS
41040012,4,4,VENTAS SACOS VACIOS
41040013,4,4,VENTAS MERCADERIAS
42000000,2,4,Devoluciones en Ventas
42010000,3,4,DEVOLUCIONES
42010001,4,4,DEV. FARMACEUTICOS
42010002,4,4,DEV. CODETEL
42010003,4,4,DEV. COSMETICOS
42010004,4,4,DEV. ARROZ
42010005,4,4,DEV. AFRECHO
42010007,4,4,DEV.ACEITE OLIVA MAEVA
42010011,4,4,DEV. CAFE CONSUMO LOCAL
42010012,4,4,DEV. SACOS VACIOS
42030000,3,4,DEV. CAFE
42030001,4,4,DEVOLUCION CAFE
42040000,3,4,DEV. GANADO
42040001,4,4,DEV.GANADO
43000000,2,4,Descuentos en Ventas
43010000,3,4,DESCUENTOS POR PRONTO PAGO
43010001,4,4,DESC.POR PRONTO PAGO FARMA_COSM.
43010002,4,4,DESC.POR PRONTO PAGO MERCADERIA
43010006,4,4,DESC.POR PRONTO PAGO CAFE
43030000,3,4,DESC./VENTAS CAFE
43030001,4,4,DESC./VENTAS CAFE LOCAL
43990000,3,4,DESC. EN COBROS
43990003,4,4,DESC. EN COBROS CAFE
44000000,2,4,Otros Ingresos
44010000,3,4,OTROS INGRESOS
44010001,4,4,INTERESES COBRADOS A CLIENTES
44010002,4,4,OTROS INGRESOS LAVADERO
44010003,4,4,INTS./CERTIFICADO FINANCIERO
44010004,4,4,RECLAMACION DE SEGUROS
44010005,4,4,GANANCIA EN RETIRO ACTIVO FIJO
44010006,4,4,RECUPERACION CTAS. INCOBRABLES
44010007,4,4,ING.EXTRAORDINARIO VTA.INMUEBL
44010008,4,4,ALQUILER
44010009,4,4,INTS./PRESTAMOS A EMPLEADOS
44010010,4,4,INGRESOS POR INTERESES
44010011,4,4,FLETES Y ACARREOS
44010012,4,4,INGRESOS POR DIVIDENDOS
44010014,4,4,COMPENSACION DECRETO 1045-01
44010099,4,4,INGRESOS VARIOS
50000000,1,5,Costos
51000000,2,5,Costos
51010000,3,5,COSTO PRIMO
51010001,4,5,MATERIA PRIMA
51010002,4,5,MATERIA DE EMPAQUE
51010003,4,5,MANO DE OBRA DIRECTA
51010004,4,5,VITAMINA PARA ARROZ
51010005,4,5,MANO DE OBRA DIRECTA FACT.BRLV
51010006,4,5,M.O.D. FACT.BANDIN
51010007,4,5,REPARACION DE SACOS
51010008,4,5,SERVICIO SEC. ARROZ BRLV
51020000,3,5,COSTOS INDIRECTOS PRODUCCION
51020101,4,5,SUELDOS Y JORNALES
51020102,4,5,HORAS EXTRAS
51020103,4,5,REGALIA PASCUAL
51020106,4,5,PAGOS TEMPOREROS
51020202,4,5,VACACIONES
51020203,4,5,A.R.S.
51020204,4,5,A.F.P.
51020205,4,5,RIESGO DE SALUD
51020206,4,5,INFOTEP
51020207,4,5,SEGUROS SOCIAL
51020207-00,5,5,SEGUROS SOCIAL GENERAL
51020208,4,5,PRESTACIONES LABORALES
51020208-00,5,5,PRESTACIONES LABORALES GENERAL
51020210,4,5,SEGURO FAMILIAR DE SALUD
51020301,4,5,SEGUROS MEDICO Y DE VIDA
51020302,4,5,GASTOS COMEDOR EMPLEADOS
51020304,4,5,ATENCION FUNCIONARIOS Y EMP.
51020305,4,5,RECLUTAMIENTO Y SELECCION
51020306,4,5,BONO VACACIONAL
51020307,4,5,SEGURO MEDICO (OBREROS)
51020308,4,5,AYUDAS Y REGALOS AL PERSONAL
51020309,4,5,ACTIVIDADES CON EL PERSONAL
51020310,4,5,AUSENCIAS PAGADAS
51020311,4,5,TRANSPORTE AL PERSONAL
51020401,4,5,CAPACITACION Y ENTRENAMIENTO INTERN
51020402,4,5,CAPACITACION Y ENTRENAMIENTO EXTERN
51020403,4,5,CONVENCIONES Y REUNIONES DE TRABAJO
51020501,4,5,ALQUILER EDIFICIO
51020502,4,5,ALQUILER VEHICULOS Y/O MOVIL
51020504,4,5,ALQUILER DE EQUIPOS
51020505,4,5,OTROS ALQUILERES
51020519,4,5,VACACIONES
51020601,4,5,SEGUROS INCENDIOS Y ALIADOS
51020602,4,5,SEGUROS DE VEHICULOS
51020603,4,5,SEGUROS RESPONSABILIDAD CIVIL
51020701,4,5,ENERGIA ELECTRICA
51020702,4,5,COMBUSTIBLES Y LUBRICANTES
51020801,4,5,AGUA
51020802,4,5,BASURA
51020901,4,5,TELEFONOS
51020904,4,5,CORREO Y CURRIER
51021001,4,5,VIGILANCIA Y P.PERSONA MORALES
51021002,4,5,VIGILANCIA PERSONA FISICA
51021301,4,5,VIAJES Y REPRESENTACION LOCAL
51021302,4,5,VIAJES Y REPRESENTACION EXTERIOR
51021401,4,5,COMBUSTIBLES
51021402,4,5,REPARACIONES DE VEHICULOS
51021403,4,5,MANTENIMIENTOS DE VEHICULOS
51021404,4,5,IMPUESTOS, PLACAS Y REVISTAS
51021405,4,5,VEHICULOS DEL PERSONAL
51021499,4,5,OTROS GASTOS DE VEHICULOS
51021702,4,5,TRANSPORTE DE VALIJA
51021999,4,5,ITBIS POR SERVICIOS
51022001,4,5,MATERIALES DE OFICINA
51022002,4,5,IMPRESOS
51022003,4,5,MATERIAL TECNICO (IT)
51022004,4,5,PROGRAMAS
51022101,4,5,ALMACENAMIENTO DE INVENTARIO
51022102,4,5,GASTOS DE PALETAS
51022103,4,5,COMBUSTIBLES MONTACARGAS
51022104,4,5,OTROS GASTOS DE ALMACEN
51022202,4,5,MANO DE OBRA TERCERO-EDIFICIO
51022203,4,5,MANO DE OBRA TERCERO-MAQUINARIA Y E
51022204,4,5,MANO DE OBRA TERCERO-MOBILIARIO Y U
51022205,4,5,MANO DE OBRA TERCERO-TECNOLOGIA DE
51022207,4,5,MATERIALES EDIFICIO
51022208,4,5,MATERIALES MAQUINARIA Y EQUIPO
51022209,4,5,MATERIALES MOBILIARIO Y UTILES
51022210,4,5,MATERIALES TECNOLOGIA DE INFORMACIO
51022212,4,5,MANO DE OBRA PROPIA-EDIFICIO
51022213,4,5,MANO DE OBRA PROPIA-MAQUINARIA Y EQ
51022214,4,5,MANO DE OBRA PROPIA-MOBILIARIO Y UT
51022215,4,5,MANO DE OBRA PROPIA-TECNOLOGIA DE I
51022302,4,5,MANO DE OBRA TERCERO-EDIFICIO
51022303,4,5,MANO DE OBRA TERCERO-MAQUINARIA Y E
51022304,4,5,MANO DE OBRA TERCERO-MOBILIARIO Y U
51022305,4,5,MANO DE OBRA TERCERO-TECNOLOGIA DE
51022307,4,5,MATERIALES EDIFICIO
51022308,4,5,MATERIALES MAQUINARIA Y EQUIPO
51022309,4,5,MATERIALES MOBILIARIO Y UTILES
51022310,4,5,MATERIALES TECNOLOGIA DE INFORMACIO
51022312,4,5,MANO DE OBRA PROPIA-EDIFICIO
51022313,4,5,MANO DE OBRA PROPIA-MAQUINARIA Y EQ
51022314,4,5,MANO DE OBRA PROPIA-MOBILIARIO Y UT
51022315,4,5,MANO DE OBRA PROPIA-TECNOLOGIA DE I
51022701,4,5,FABRICACION/EMBALAJE
51022702,4,5,MATERIALES DE LIMPIEZA
51022902,4,5,DEPRECIACION EDIFICACIONES
51022903,4,5,DEPRECIACION MAQUINARIAS Y EQUIPOS
51022904,4,5,DEPRECIACION MOBILIARIOS Y EQUIPOS
51022905,4,5,DEPRECIACION VEHICULOS
51022906,4,5,DEPRECIACION TECNOLOGIA DE INFORMAC
51029501,4,5,GERENCIA DE PRODUCCION
51029502,4,5,SERVICIO CENTRO GENERACION EL.
51029503,4,5,SERVICIO DE MANTENIMIENTO
51029504,4,5,CENTRO DE SACOS
51029505,4,5,SERVICIOS LAVADEROS VEH.
51029506,4,5,SERVICIOS COMBUSTIBLES
51029797,4,5,PAJA DE ARROZ P/HORNOS
51029798,4,5,AMORT.GTOS. PERIODOS MUERTOS
51029799,4,5,GASTOS MISCELANEOS
51990000,3,5,CIERRE (PRODUCCION EN PROCESO)
51990001,4,5,SUB-PRODUCTO ARROZ
51990002,4,5,CIERRE (PRODUCCION PRODUCCION EN PR
52000000,2,5,Costos de Produccion
52010000,3,5,COSTO PRIMO
52010001,4,5,MATERIA PRIMA
52010002,4,5,MATERIAL DE EMPAQUE
52010002-33,5,5,MATERIAL DE EMPAQUE CAFE PILADO Y TRILLADO
52010003,4,5,MANO DE OBRA DIRECTA
52010101,4,5,MATERIA PRIMA
52010102,4,5,MATERIAL DE EMPAQUE
52010102-33,5,5,MATERIAL DE EMPAQUE CAFE PILADO Y TRILLADO
52010201,4,5,RECIBIMIENTO Y MEDIDA DEL CAFE
52010202,4,5,SECADO DEL CAFE (SECADORA Y PA
52010203,4,5,DESCASCARADO CAFE SECO
52010204,4,5,CLASIFICACION CAFE POR PESO Y
52010205,4,5,JORNALES TRILLADA
52010205-30,5,5,JORNALES TRILLADA FACTORIA OCOA
52010205-33,5,5,JORNALES TRILLADA CAFE PILADO Y TRILLADO
52010206,4,5,PREPARACION PARA EMBARQUE
52010206-33,5,5,PREPARACION PARA EMBARQUE CAFE PILADO Y TRILLADO
52010207,4,5,JORNALES OBREROS MOVILES\
52010207-31,5,5,JORNALES OBREROS MOVILES\ CAFE PERGAMINO
52010208,4,5,VACIAR Y ESTIBAR SACOS
52010208-33,5,5,VACIAR Y ESTIBAR SACOS CAFE PILADO Y TRILLADO
52010209,4,5,MANEJO CASCARA DE CAFE
52010209-00,5,5,MANEJO CASCARA DE CAFE GENERAL
52010209-31,5,5,MANEJO CASCARA DE CAFE CAFE PERGAMINO
52010210,4,5,SACOS VACIOS PARA CAFE
52010210-31,5,5,SACOS VACIOS PARA CAFE CAFE PERGAMINO
52020000,3,5,COSTOS INDIRECTOS CAFE
52020017,4,5,DIFERENCIAS COSECHEROS
52020020,4,5,A.R.S.
52020021,4,5,A.F.P.
52020022,4,5,SEGURO FAMILIAR DE SALUD
52020023,4,5,INFOTEP
52020024,4,5,RIESGO DE SALUD
52020501,4,5,SUELDOS Y JORNALES
52020502,4,5,FLETES Y ACARREOS
52020502-00,5,5,FLETES Y ACARREOS GENERAL
52020502-31,5,5,FLETES Y ACARREOS CAFE PERGAMINO
52020502-33,5,5,FLETES Y ACARREOS CAFE PILADO Y TRILLADO
52020503,4,5,REPARACION Y REPUESTOS
52020503-31,5,5,REPARACION Y REPUESTOS CAFE PERGAMINO
52020503-32,5,5,REPARACION Y REPUESTOS CAFE SIN TRILLAR
52020504,4,5,COMBUSTIBLES Y LUBRICANTES
52020504-31,5,5,COMBUSTIBLES Y LUBRICANTES CAFE PERGAMINO
52020506,4,5,AGUA Y LUZ
52020507,4,5,REGALIA PASCUAL
52020508,4,5,COMUNICACIONES
52020509,4,5,CONSERVACION EDIFICIOS
52020509-31,5,5,CONSERVACION EDIFICIOS CAFE PERGAMINO
52020510,4,5,DEPRECIACION MAQUINARIA Y EQUIPO
52020511,4,5,DEPRECIACION EDIFICIO
52020512,4,5,DEPRECIACION MOBILIARIOS Y EQUIPOS
52020513,4,5,VIAJES Y DIETAS
52020514,4,5,COMISION VENTAS CAFE
52020515,4,5,REPARACION SACOS VACIOS
52020516,4,5,IMPTOS. Y GTOS DE EXPORTACION
52020517,4,5,ASESORIA AGRICOLA
52020518,4,5,HORAS EXTRAS
52020519,4,5,VACACIONES
52020599,4,5,GASTOS MISCELANEOS
52020599-33,5,5,GASTOS MISCELANEOS CAFE PILADO Y TRILLADO
52025140,4,5,COMISION VENTAS CAFE
52025150,4,5,REPARACION SACOS VACIOS
52025150-31,5,5,REPARACION SACOS VACIOS CAFE PERGAMINO
52050000,3,5,COSTOS INDIRECTOS GANADERIA
52050001,4,5,PRODUCTOS VETERINARIOS
52050002,4,5,CORTE HIERBA P/ALIMENTO
52050003,4,5,DESPARASITAR GANADO
52050004,4,5,ESTAMPAR GANADO
52050005,4,5,MANEJO Y TRANSPORTE
52050006,4,5,SUELDOS Y JORNALES
52050007,4,5,CHAPEO POTREROS
52050008,4,5,REPARACIONES VARIAS
52050008-33,5,5,REPARACIONES VARIAS CAFE PILADO Y TRILLADO
52050009,4,5,EMPALIZADA
52050010,4,5,BAÑAR GANADO
52050011,4,5,MATERIAL GASTABLE
52050012,4,5,LIMPIEZA Y DRENAJE POTREROS
52050013,4,5,FOMENTO PASTOS
52050014,4,5,SERVICIO AGUA
52050015,4,5,ENERGIA ELECTRICA
52050016,4,5,COMISION/PRODUCCION
52050099,4,5,GASTOS MISCELANEOS
52990000,3,5,CIERRE (PRODUCCION CAFE)
52990001,4,5,CIERRE (PRODUCCION CAFE)
54000000,2,5,Fomento de Cultivos
54010000,3,5,COSTO PRIMO
54010001,4,5,MATERIA PRIMA
54010002,4,5,MATERIA EMPAQUE
54010090,4,5,A
54020000,3,5,COSTOS INDIRECTOS FOMENTO CULTIVOS
54020001,4,5,PREPARACION TERRENOS
54020002,4,5,JORNALES FERTILIZACION
54020003,4,5,FERTILIZANTES Y OTROS
54020004,4,5,CONTROL SOMBRA
54020005,4,5,APORQUE Y PODA
54020006,4,5,MANEJO Y TRANSPORE
54020007,4,5,LIMPIEZA MALEZA
54020008,4,5,POSTURA HORQUETAS
54020009,4,5,EMPALIZADA
54020010,4,5,CONTROL FITO-SANITARIO
54020011,4,5,CONTROL DRENAJE
54020012,4,5,SIEMBRA Y TRASPLANTE
54020013,4,5,IMPIEZA TRONCOS
54020014,4,5,PREPARACION GERMINADOR
54020015,4,5,PREPARACION FUNDAS
54020016,4,5,REGAR VIVERO
54020017,4,5,SUELDOS Y JORNALES
54020018,4,5,MATERIAL GASTABLE
54020019,4,5,HORAS EXTRAS
54020020,4,5,PAGOS TEMPOREROS
54020021,4,5,A.R.S.
54020022,4,5,A.F.P.
54020023,4,5,REGALIA PASCUAL
54020024,4,5,VACACIONES
54020025,4,5,SEGURO SOCIAL
54020026,4,5,PRESTACIONES LABORALES
54020027,4,5,GASTOS COMEDOR EMPLEADOS
54020028,4,5,ATENCION FUNCIONARIOS Y EMP.
54020029,4,5,RECLUTAMIENTO Y SELECCION
54020030,4,5,BONO VACACIONAL
54020031,4,5,AYUDAS Y REGALOS AL PERSONAL
54020032,4,5,AUSENCIAS PAGADAS
54020033,4,5,TRANSPORTE AL PERSONAL
54020034,4,5,CAPACITACION Y ENTRENAMIENTO INTER
54020035,4,5,SEGUROS INCENDIOS Y ALIADOS
54020036,4,5,SEGUROS DE VEHICULOS
54020037,4,5,ENERGIA ELECTRICA
54020038,4,5,COMBUSTIBLES Y LUBRICANTES
54020039,4,5,AGUA
54020040,4,5,BASURA
54020041,4,5,TELEFONOS
54020042,4,5,CORREO Y COURRIER
54020043,4,5,VIGILANCIA Y P. PERSONAS MORALES
54020044,4,5,VIGILANCIA PERSONA FISICA
54020045,4,5,VIAJES Y REPRESENTACION LOCAL
54020046,4,5,COMBUSTIBLES
54020047,4,5,REPARACIONES
54020048,4,5,MANTENIMIENTOS
54020049,4,5,IMPUESTOS, PLACAS Y REVISTAS
54020050,4,5,IMPRESOS
54020051,4,5,MANO DE OBRA TERCERO-EDIFICIO
54020052,4,5,MANO DE OBRA TERCERO-MAQUINARIA Y
54020053,4,5,MANO DE OBRA TERCERO-MOBILIARIO Y
54020054,4,5,MATERIALES EDIFICIO
54020055,4,5,MATERIALES MAQUINARIA Y EQUIPO
54020056,4,5,MATERIALES MOBILIARIO Y UTILES
54020057,4,5,MANO DE OBRA PROPIA-EDIFICIO
54020058,4,5,MANO DE OBRA PROPIA-MAQUINARIA Y E
54020059,4,5,MANO DE OBRA PROPIA-MOBILIARIO Y UT
54020060,4,5,DEPRECIACION EDIFICACIONES
54020061,4,5,DEPRECIACION MAQUINARIAS Y EQUIPOS
54020062,4,5,DEPRECIACION MOBILIARIOS Y EQUIPOS
54020063,4,5,DEPRECIACION VEHICULOS
54020064,4,5,ASESORIA AGRICOLA
54020065,4,5,RIESGO DE SALUD
54020099,4,5,GASTOS MISCELANEOS
54030000,3,5,COSTOS INDIRECTOS CULTIVO CAFÉ
54030001,4,5,JORNALES FERTILIZACION
54030002,4,5,FERTILIZANTES Y OTROS
54030003,4,5,CONTROL SOMBRA
54030004,4,5,APORQUE Y PODA
54030005,4,5,MANEJO Y TRANSPORTE
54030006,4,5,LIMPIEZA MALEZA
54030007,4,5,POSTURA HORQUETAS
54030008,4,5,CONTROL FITO-SANITARIO
54030009,4,5,CONTROL DRENAJE
54030010,4,5,LIMPIEZA DE TRONCOS
54030011,4,5,SUELDOS Y JORNALES
54030012,4,5,MATERIAL GASTABLE
54030013,4,5,CORTE ARBOLES IMPRODUCTIVOS
54030014,4,5,FLETE CAFÉ (R.A.)
54030015,4,5,GASTOS MISCELANEOS
54990000,3,5,CIERRE (FOMENTO CULTIVOS
54990001,4,5,CIERRE (FOMENTO CULTIVOS)
55000000,2,5,Costos de Cultivos
55010000,3,5,COSTO PRIMO
55010001,4,5,MATERIA PRIMA
55010002,4,5,MATERIAL DE EMPAQUE
55010100,3,5,LABOR EN FINCA
55010101,4,5,LABOR FOMENTO CULTIVO DE CAFE
55010101-21,5,5,LABOR FOMENTO CULTIVO DE CAFE RANCHO ARRIBA
55010101-22,5,5,LABOR FOMENTO CULTIVO DE CAFE LA COLONIA
55010101-23,5,5,LABOR FOMENTO CULTIVO DE CAFE AGROCASA
55010102,4,5,LABOR MANTENIMIENTO DE PLANTACION
55010102-00,5,5,LABOR MANTENIMIENTO DE PLANTACION GENERAL
55010102-21,5,5,LABOR MANTENIMIENTO DE PLANTACION RANCHO ARRIBA
55010102-22,5,5,LABOR MANTENIMIENTO DE PLANTACION LA COLONIA
55010102-23,5,5,LABOR MANTENIMIENTO DE PLANTACION AGROCASA
55010103,4,5,LABOR MANEJO DE TEJIDOS
55010103-21,5,5,LABOR MANEJO DE TEJIDOS RANCHO ARRIBA
55010103-22,5,5,LABOR MANEJO DE TEJIDOS LA COLONIA
55010103-23,5,5,LABOR MANEJO DE TEJIDOS AGROCASA
55010104,4,5,LABOR MANEJO DE PLAGAS Y ENFERMEDADES
55010104-21,5,5,LABOR MANEJO DE PLAGAS Y ENFERMEDADES RANCHO ARRIBA
55010104-22,5,5,LABOR MANEJO DE PLAGAS Y ENFERMEDADES LA COLONIA
55010104-23,5,5,LABOR MANEJO DE PLAGAS Y ENFERMEDADES AGROCASA
55010105,4,5,LABOR COSECHA Y/O RECOLECCION
55010105-00,5,5,LABOR COSECHA Y RECOLECCION GENERAL
55010105-21,5,5,LABOR COSECHA Y RECOLECCION RANCHO ARRIBA
55010105-22,5,5,LABOR COSECHA Y RECOLECCION LA COLONIA
55010105-23,5,5,LABOR COSECHA Y RECOLECCION AGROCASA
55010106,4,5,LABOR SIEMBRA
55010106-21,5,5,LABOR SIEMBRA RANCHO ARRIBA
55010106-22,5,5,LABOR SIEMBRA LA COLONIA
55010106-23,5,5,LABOR SIEMBRA AGROCASA
55010107,4,5,LABOR VIVEROS.
55010107-21,5,5,LABOR VIVEROS RANCHO ARRIBA
55010107-22,5,5,LABOR VIVEROS LA COLONIA
55010107-23,5,5,LABOR VIVEROS AGROCASA
55010199,4,5,LABOR OTRAS ACTIVIDADES
55010199-21,5,5,LABOR OTRAS ACTIVIDADES RANCHO ARRIBA
55010199-22,5,5,LABOR OTRAS ACTIVIDADES LA COLONIA
55010199-23,5,5,LABOR OTRAS ACTIVIDADES AGROCASA
55010200,3,5,LABOR OBREROS APLICADA EN FINCAS
55010300,3,5,LABOR AJUSTEROS APLICADA EN FINCAS
55020000,3,5,MANO DE OBRA DIRECTA
55020001,4,5,RECOLECCION CAFÉ DEL ARBOL
55020001-21,5,5,RECOLECCION CAFÉ DEL ARBOL RANCHO ARRIBA
55020001-22,5,5,RECOLECCION CAFÉ DEL ARBOL LA COLONIA
55020001-23,5,5,RECOLECCION CAFÉ DEL ARBOL AGROCASA
55020002,4,5,MEDIDAS A LOS RECOLECTORES
55020003,4,5,TRASLADO A LAS DESPULPADORAS
55020004,4,5,CLASIFICACION Y DESPULPADO
55020004-21,5,5,CLASIFICACION Y DESPULPADO RANCHO ARRIBA
55020005,4,5,FERMENTACION DEL CAFÉ
55030000,3,5,COSTOS INDIRECTOS CULTIVO CAFÉ
55030001,4,5,JORNALES FERTILIZACION Y OTROS
55030002,4,5,FERTILIZANTES (ABONOS)
55030002-21,5,5,FERTILIZANTES (ABONOS) RANCHO ARRIBA
55030003,4,5,CONTROL SOMBRA
55030003-23,5,5,CONTROL SOMBRA AGROCASA
55030004,4,5,PODA CAFE
55030004-21,5,5,PODA CAFE RANCHO ARRIBA
55030004-22,5,5,PODA CAFE LA COLONIA
55030005,4,5,MANEJO Y TRANSPORTE
55030005-21,5,5,MANEJO Y TRANSPORTE RANCHO ARRIBA
55030005-22,5,5,MANEJO Y TRANSPORTE LA COLONIA
55030005-23,5,5,MANEJO Y TRANSPORTE AGROCASA
55030006,4,5,LIMPIEZA MALEZA
55030006-21,5,5,LIMPIEZA MALEZA RANCHO ARRIBA
55030006-22,5,5,LIMPIEZA MALEZA LA COLONIA
55030006-23,5,5,LIMPIEZA MALEZA AGROCASA
55030007,4,5,EMPALIZADA
55030007-21,5,5,EMPALIZADA RANCHO ARRIBA
55030007-22,5,5,EMPALIZADA LA COLONIA
55030007-23,5,5,EMPALIZADA AGROCASA
55030008,4,5,REPARACIONES VARIAS
55030008-21,5,5,REPARACIONES VARIAS RANCHO ARRIBA
55030008-22,5,5,REPARACIONES VARIAS LA COLONIA
55030008-23,5,5,REPARACIONES VARIAS AGROCASA
55030009,4,5,CONTROL FITO-SANITARIO(INSUMOS)
55030009-21,5,5,CONTROL FITO-SANITARIO(INSUMOS) RANCHO ARRIBA
55030009-22,5,5,CONTROL FITO-SANITARIO(INSUMOS) LA COLONIA
55030009-23,5,5,CONTROL FITO-SANITARIO(INSUMOS) AGROCASA
55030010,4,5,CONTROL DRENAJE
55030010-23,5,5,CONTROL DRENAJE AGROCASA
55030011,4,5,LIMPIEZA DE TRONCOS
55030012,4,5,SUELDOS Y JORNALES
55030012-21,5,5,SUELDOS Y JORNALES RANCHO ARRIBA
55030012-22,5,5,SUELDOS Y JORNALES LA COLONIA
55030013,4,5,MATERIAL GASTABLE
55030013-21,5,5,MATERIAL GASTABLE RANCHO ARRIBA
55030013-22,5,5,MATERIAL GASTABLE LA COLONIA
55030014,4,5,CORTE ARBOLES IMPRODUCTIVOS
55030015,4,5,FLETE CAFE (R.A.)
55030015-00,5,5,FLETE CAFE (R.A.) GENERAL
55030015-21,5,5,FLETE CAFE (R.A.) RANCHO ARRIBA
55030015-22,5,5,FLETE CAFE (R.A.) LA COLONIA
55030015-23,5,5,FLETE CAFE (R.A.) AGROCASA
55030016,4,5,MANTENIMIENTO DESPULPADO
55030016-21,5,5,MANTENIMIENTO DESPULPADO RANCHO ARRIBA
55030016-22,5,5,MANTENIMIENTO DESPULPADO LA COLONIA
55030017,4,5,ASESORIA AGRICOLA
55030017-21,5,5,ASESORIA AGRICOLA RANCHO ARRIBA
55030018,4,5,REGALIA PASCUAL
55030018-21,5,5,REGALIA PASCUAL RANCHO ARRIBA
55030019,4,5,PRESTACIONES LABORALES
55030019-00,5,5,PRESTACIONES LABORALES GENERAL
55030019-21,5,5,PRESTACIONES LABORALES RANCHO ARRIBA
55030020,4,5,GASTOS DE VIAJES
55030020-21,5,5,GASTOS DE VIAJES RANCHO ARRIBA
55030020-22,5,5,GASTOS DE VIAJES LA COLONIA
55030020-23,5,5,GASTOS DE VIAJES AGROCASA
55030021,4,5,SEGURO SOCIAL
55030021-00,5,5,SEGURO SOCIAL GENERAL
55030021-21,5,5,SEGURO SOCIAL RANCHO ARRIBA
55030022,4,5,FOMENTOS FRUTOS MENORES
55030022-22,5,5,FOMENTOS FRUTOS MENORES LA COLONIA
55030023,4,5,DEPRECIACION EDIFICIOS
55030024,4,5,DEPRECIACION MAQUINARIAS Y EQUIPOS
55030025,4,5,DEPRECIACION MOBILIRIOS Y EQUIPOS
55030026,4,5,DEPRECIACION VEHICULOS
55030027,4,5,IMPRESOS Y EFECTOS DE OFICINA
55030027-21,5,5,IMPRESOS Y EFECTOS DE OFICINA RANCHO ARRIBA
55030028,4,5,ENERGIA ELECTRICA
55030028-21,5,5,ENERGIA ELECTRICA RANCHO ARRIBA
55030029,4,5,COMBUSTIBLES Y LUBRICANTES
55030029-21,5,5,COMBUSTIBLES Y LUBRICANTES RANCHO ARRIBA
55030029-22,5,5,COMBUSTIBLES Y LUBRICANTES LA COLONIA
55030029-23,5,5,COMBUSTIBLES Y LUBRICANTES AGROCASA
55030030,4,5,MANTENIMIENTO PLANTA ELECTRICA
55030030-21,5,5,MANTENIMIENTO PLANTA ELECTRICA RANCHO ARRIBA
55030031,4,5,AGUA Y BASURA
55030032,4,5,MANTEMIENTO Y MEJORA DE EDIFICIO
55030032-21,5,5,MANTEMIENTO Y MEJORA DE EDIFICIO RANCHO ARRIBA
55030032-22,5,5,MANTEMIENTO Y MEJORA DE EDIFICIO LA COLONIA
55030033,4,5,VIGILANCIA Y PORTERIA
55030033-21,5,5,VIGILANCIA Y PORTERIA RANCHO ARRIBA
55030033-22,5,5,VIGILANCIA Y PORTERIA LA COLONIA
55030033-23,5,5,VIGILANCIA Y PORTERIA AGROCASA
55030034,4,5,GRATIFICACIONES Y CONTRIBUCIONES
55030034-21,5,5,GRATIFICACIONES Y CONTRIBUCIONES RANCHO ARRIBA
55030034-22,5,5,GRATIFICACIONES Y CONTRIBUCIONES LA COLONIA
55030035,4,5,BONIFICACIONES
55030035-21,5,5,BONIFICACIONES RANCHO ARRIBA
55030036,4,5,VACACIONES
55030036-21,5,5,VACACIONES RANCHO ARRIBA
55030037,4,5,VIVEROS
55030037-21,5,5,VIVEROS RANCHO ARRIBA
55030038,4,5,RESIEMBRA DE CAFE
55030039,4,5,HORAS EXTRAS
55030040,4,5,A.R.S.
55030042,4,5,A.F.P.
55030043,4,5,SEGURO FAMILIAR DE SALUD
55030044,4,5,INFOTEP
55030045,4,5,RIESGO DE SALUD
55030099,4,5,GASTOS MISCELANEOS
55030099-21,5,5,GASTOS MISCELANEOS RANCHO ARRIBA
55030099-22,5,5,GASTOS MISCELANEOS LA COLONIA
55030220,4,5,ATENCIONES A EMPLEADOS
55030220-00,5,5,ATENCIONES A EMPLEADOS GENERAL
55030220-21,5,5,ATENCIONES A EMPLEADOS RANCHO ARRIBA
55030220-22,5,5,ATENCIONES A EMPLEADOS LA COLONIA
55030270,4,5,TELEFONOS
55030270-21,5,5,TELEFONOS RANCHO ARRIBA
55030270-23,5,5,TELEFONOS AGROCASA
55990000,3,5,CIERRE (CULTIVO CAFE)
55990001,4,5,CIERRE (CULTIVO CAFE)
56000000,2,5,Costos de Ventas
56010000,3,5,COSTO DE VENTAS
56010001,4,5,COSTO VENTAS FARMACETICOS
56010002,4,5,COSTO VENTAS CODETEL
56010003,4,5,COSTO VENTAS COSMETICOS
56010004,4,5,COSTO VENTAS ARROZ
56010005,4,5,COSTO VENTAS AFRECHO
56010006,4,5,COSTO VENTAS SUB-PRODUCTOS
56010007,4,5,COSTO VENTAS ACEITE MAEVA
56010008,4,5,COSTO VENTAS CAFE LOCAL
56010009,4,5,COSTO VENTAS SACOS VACIOS
56010010,4,5,COSTOS VENTAS GANADO
56010011,4,5,COSTOS VENTAS MERCADERIA
56010012,4,5,COSTOS VENTAS FERTILIZANTES
56030000,3,5,COSTO VENTAS CAFE
56030001,4,5,COSTO VENTAS CAFE LOCAL
56030002,4,5,COSTO VENTAS CAFE EXPORTACION
56040000,3,5,COSTO VENTAS DIV. AGROPECUARIA
56040001,4,5,COSTO VENTAS DE GANADO Y RECUA
56040005,4,5,COSTO VENTAS FRUTOS MENORES
56040006,4,5,COSTO VENTAS PROD. APICULTURA
56040007,4,5,COSTO VENTAS POSTES, LEÑA, CARBON Y
56040008,4,5,COSTO VENTAS MERCADERIAS VARIAS
56990000,3,5,VARIACIONES DE COSTOS  SD
56990001,4,5,COSTOS SUB-SOBRE APLICADO
56990001-31,5,5,COSTOS SUB-SOBRE APLICADO CAFE PERGAMINO
56990002,4,5,DESCUENTO POR PRONTO PAGO
57000000,2,5,Costos de Promocion
57010000,3,5,PROMOCION
57010001,4,5,ESPACIO GONDOLAS/CABEZALES
57010002,4,5,ASIGNACION GONDOLEROS
57010003,4,5,PROMOCION AL CONSUMIDOR COLOCACION
57010004,4,5,PROMOCION AL CONSUMIDOR PRODUCCION
57010005,4,5,PROMOCION AL COMERCIO COLOCACION
57010006,4,5,PROMOCION AL COMERCIO PRODUCCION
57010007,4,5,PROMOCION - COMRA CAJAS VACIA
57010098,4,5,PTP (PROMOCION TEMPORAL DE PRECIOS)
57010099,4,5,OTROS GASTOS DE PROMOCION
58000000,2,5,Costos de Publicidad
58010000,3,5,PUBLICIDAD
58010001,4,5,PRENSA COLOCACION
58010002,4,5,PRENSA PRODUCCION
58010003,4,5,RADIO COLOCACION
58010004,4,5,RADIO PRODUCCION
58010005,4,5,TELEVISION COLOCACION
58010006,4,5,TELEVISION PRODUCCION
58010007,4,5,PUBLICIDAD EXTERNA COLOCACION
58010008,4,5,PUBLICIDAD EXTERNA PRODUCCION
58010009,4,5,CINE COLOCACION
58010010,4,5,CINE PRODUCCION
58010099,4,5,OTROS GASTOS DE PUBLICIDAD
60000000,1,6,Gastos
61000000,2,6,Gastos de Ventas
61010000,3,6,SUELDOS Y JORNALES
61010001,4,6,SUELDOS Y JORNALES
61010002,4,6,HORAS EXTRAS
61010003,4,6,REGALIA PASCUAL
61010004,4,6,COMISIONES S/VENTAS/COBROS
61010005,4,6,PREMIOS VEND/VISIT/PROM.
61010006,4,6,PAGOS TEMPOREROS
61010007,4,6,PENSIONADOS
61020000,3,6,GASTOS SOCIALES LEGISLADOS
61020002,4,6,VACACIONES
61020003,4,6,A.R.S.
61020004,4,6,A.F.P.
61020005,4,6,RIESGO DE SALUD
61020006,4,6,INFOTEP
61020007,4,6,SEGUROS SOCIAL
61020008,4,6,PRESTACIONES LABORALES
61020010,4,6,SEGURO FAMILIAR DE SALUD
61030000,3,6,GASTOS SOCIALES VOLUNTARIOS
61030001,4,6,SEGUROS MEDICO Y DE VIDA
61030002,4,6,GASTOS COMEDOR EMPLEADOS
61030004,4,6,ATENCION FUNCIONARIOS Y EMP.
61030005,4,6,RECLUTAMIENTO Y SELECCION
61030006,4,6,BONO VACACIONAL
61030007,4,6,SEGURO MEDICO (OBREROS)
61030008,4,6,AYUDAS Y REGALOS AL PERSONAL
61030009,4,6,ACTIVIDADES CON EL PERSONAL
61030010,4,6,AUSENCIAS PAGADAS
61030011,4,6,TRANSPORTE AL PERSONAL
61040000,3,6,CAPACITACION
61040001,4,6,CAPACITACION Y ENTRENAMIENTO INTERN
61040002,4,6,CAPACITACION Y ENTRENAMIENTO EXTERN
61040003,4,6,CONVENCIONES Y REUNIONES DE TRABAJO
61050000,3,6,ALQUILERES Y ARRENDAMIENTOS
61050001,4,6,ALQUILER EDIFICIO
61050002,4,6,ALQUILER VEHICULOS Y/O MOVIL
61050004,4,6,ALQUILER DE EQUIPOS
61050005,4,6,OTROS ALQUILERES
61060000,3,6,SEGUROS
61060001,4,6,SEGUROS INCENDIOS Y ALIADOS
61060002,4,6,SEGUROS DE VEHICULOS
61060003,4,6,SEGUROS RESPONSABILIDAD CIVIL
61070000,3,6,ENERGIA
61070001,4,6,ENERGIA ELECTRICA
61070002,4,6,COMBUSTIBLES Y LUBRICANTES
61080000,3,6,AGUA Y BASURA
61080001,4,6,AGUA
61080002,4,6,BASURA
61090000,3,6,COMUNICACIONES
61090001,4,6,TELEFONOS
61090002,4,6,TELEFONOS CELULARES
61090003,4,6,TELEFONOS DIRECTOS
61090004,4,6,FRAME RELAY
61090005,4,6,CORREO Y CURRIER
61100000,3,6,SERVICIO DE VIGILANCIA
61100001,4,6,VIGILANCIA Y P.PERSONA MORALES
61100002,4,6,VIGILANCIA PERSONA FISICA
61110000,3,6,GRATIF., CUOTAS Y CONTRIB.
61110001,4,6,CONGRESO Y SIMPOSIO
61110002,4,6,GRATIFICACIONES Y CONTRIBUCION
61110003,4,6,PROGRAMA DE BECAS
61110004,4,6,DONACIONES
61130000,3,6,VIAJES Y REPRESENTACION
61130001,4,6,VIAJES Y REPRESENTACION LOCAL
61130002,4,6,VIAJES Y REPRESENTACION EXTERIOR
61130003,4,6,DIETAS Y DORMITORIOS
61140000,3,6,GASTOS VEHICULOS
61140001,4,6,COMBUSTIBLES
61140002,4,6,REPARACIONES DE VEHICULOS
61140003,4,6,MANTENIMIENTOS DE VEHICULOS
61140004,4,6,IMPUESTOS, PLACAS Y REVISTAS
61140005,4,6,VEHICULOS DEL PERSONAL
61140006,4,6,OTROS
61170000,3,6,TRANSPORTE VARIOS
61170001,4,6,TRANSPORTE DE VALORES
61170002,4,6,TRANSPORTE DE VALIJA
61180000,3,6,PUBLICACIONES Y SUSCRIPCIONES
61180001,4,6,PUBLICACIONES
61180002,4,6,SUSCRIPCIONES
61180003,4,6,LA GARZETA
61190000,3,6,SERVICIOS PROFESIONALES
61190001,4,6,ASESORIA Y GASTOS LEGALES
61190002,4,6,AUDITORIA EXTERNA
61190003,4,6,ASESORIA IMPOSITIVA
61190004,4,6,ASESORIA ECONOMICA
61190005,4,6,ASESORIA LABORAL
61190006,4,6,ASESORIA INFORMATICA
61190007,4,6,ASESORIA CREDITICIA
61200000,3,6,MATERIALES AUXILIARES
61200001,4,6,MATERIALES DE OFICINA
61200002,4,6,IMPRESOS
61200003,4,6,MATERIAL TECNICO (IT)
61200004,4,6,PROGRAMAS
61210000,3,6,GASTOS DE ALMACENAMIENTO
61210001,4,6,ALMACENAMIENTO DE INVENTARIO
61210002,4,6,GASTOS DE PALETAS
61210003,4,6,COMBUSTIBLES MONTACARGAS
61210004,4,6,OTROS GASTOS DE ALMACEN
61220000,3,6,CONSERVACION Y MANTENIMIENTO
61220001,4,6,MANO DE OBRA TERCERO-TERRENO
61220002,4,6,MANO DE OBRA TERCERO-EDIFICIO
61220003,4,6,MANO DE OBRA TERCERO-MAQUINARIA Y E
61220004,4,6,MANO DE OBRA TERCERO-MOBILIARIO Y U
61220005,4,6,MANO DE OBRA TERCERO-TECNOLOGIA DE
61220006,4,6,MATERIALES TERRENO
61220007,4,6,MATERIALES EDIFICIO
61220008,4,6,MATERIALES MAQUINARIA Y EQUIPO
61220009,4,6,MATERIALES MOBILIARIO Y UTILES
61220010,4,6,MATERIALES TECNOLOGIA DE INFORMACIO
61220011,4,6,MANO DE OBRA PROPIA-TERRENO
61220012,4,6,MANO DE OBRA PROPIA-EDIFICIO
61220013,4,6,MANO DE OBRA PROPIA-MAQUINARIA Y EQ
61220014,4,6,MANO DE OBRA PROPIA-MOBILIARIO Y UT
61220015,4,6,MANO DE OBRA PROPIA-TECNOLOGIA DE I
61230000,3,6,REPARACIONES
61230001,4,6,MANO DE OBRA TERCERO-TERRENO
61230002,4,6,MANO DE OBRA TERCERO-EDIFICIO
61230003,4,6,MANO DE OBRA TERCERO-MAQUINARIA Y E
61230004,4,6,MANO DE OBRA TERCERO-MOBILIARIO Y U
61230005,4,6,MANO DE OBRA TERCERO-TECNOLOGIA DE
61230006,4,6,MATERIALES TERRENO
61230007,4,6,MATERIALES EDIFICIO
61230008,4,6,MATERIALES MAQUINARIA Y EQUIPO
61230009,4,6,MATERIALES MOBILIARIO Y UTILES
61230010,4,6,MATERIALES TECNOLOGIA DE INFORMACIO
61230011,4,6,MANO DE OBRA PROPIA-TERRENO
61230012,4,6,MANO DE OBRA PROPIA-EDIFICIO
61230013,4,6,MANO DE OBRA PROPIA-MAQUINARIA Y EQ
61230014,4,6,MANO DE OBRA PROPIA-MOBILIARIO Y UT
61230015,4,6,MANO DE OBRA PROPIA-TECNOLOGIA DE I
61260000,3,6,GASTOS SERVICIO TECNICO
61260001,4,6,EFECTOS TALLER MECANICO
61260002,4,6,ALMACEN DE REPUESTOS
61270000,3,6,MATERIALES DIVERSOS
61270001,4,6,FABRICACION/EMBALAJE
61270002,4,6,MATERIALES DE LIMPIEZA
61290000,3,6,DEPRECIACION
61290002,4,6,DEPRECIACION EDIFICACIONES
61290003,4,6,DEPRECIACION MAQUINARIAS Y EQUIPOS
61290004,4,6,DEPRECIACION MOBILIARIOS Y EQUIPOS
61290005,4,6,DEPRECIACION VEHICULOS
61290006,4,6,DEPRECIACION TECNOLOGIA DE INFORMAC
61350000,3,6,FLETES Y ACARREOS
61350003,4,6,SERVICIOS DE ALMACENAMIENTO Y DIST.
63000000,2,6,Gastos de Transportacion
63010000,3,6,SUELDOS Y JORNALES
63010001,4,6,SUELDOS Y JORNALES
63010002,4,6,HORAS EXTRAS
63010003,4,6,REGALIA PASCUAL
63010004,4,6,COMISIONES S/VENTAS/COBROS
63010005,4,6,PREMIOS VEND/VISIT/PROM.
63010006,4,6,PAGOS TEMPOREROS
63010007,4,6,PENSIONADOS
63010008,4,6,CARGA, DESCARGA Y ESTIBAS
63020000,3,6,GASTOS SOCIALES LEGISLADOS
63020002,4,6,VACACIONES
63020003,4,6,A.R.S.
63020004,4,6,A.F.P.
63020005,4,6,RIESGO DE SALUD
63020006,4,6,INFOTEP
63020007,4,6,SEGUROS SOCIAL
63020008,4,6,PRESTACIONES LABORALES
63020010,4,6,SEGURO FAMILIAR DE SALUD
63030000,3,6,GASTOS SOCIALES VOLUNTARIOS
63030001,4,6,SEGUROS MEDICO Y DE VIDA
63030002,4,6,GASTOS COMEDOR EMPLEADOS
63030004,4,6,ATENCION FUNCIONARIOS Y EMP.
63030005,4,6,RECLUTAMIENTO Y SELECCION
63030006,4,6,BONO VACACIONAL
63030007,4,6,SEGURO MEDICO (OBREROS)
63030008,4,6,AYUDAS Y REGALOS AL PERSONAL
63030009,4,6,ACTIVIDADES CON EL PERSONAL
63030010,4,6,AUSENCIAS PAGADAS
63030011,4,6,TRANSPORTE AL PERSONAL
63040000,3,6,CAPACITACION
63040001,4,6,CAPACITACION Y ENTRENAMIENTO INTERN
63040002,4,6,CAPACITACION Y ENTRENAMIENTO EXTERN
63040003,4,6,CONVENCIONES Y REUNIONES DE TRABAJO
63050000,3,6,ALQUILERES Y ARRENDAMIENTOS
63050001,4,6,ALQUILER EDIFICIO
63050002,4,6,ALQUILER VEHICULOS Y/O MOVIL
63050004,4,6,ALQUILER DE EQUIPOS
63050005,4,6,OTROS ALQUILERES
63060000,3,6,SEGUROS
63060001,4,6,SEGUROS INCENDIOS Y ALIADOS
63060002,4,6,SEGUROS DE VEHICULOS
63060003,4,6,SEGUROS RESPONSABILIDAD CIVIL
63070000,3,6,ENERGIA
63070001,4,6,ENERGIA ELECTRICA
63070002,4,6,COMBUSTIBLES Y LUBRICANTES
63080000,3,6,AGUA Y BASURA
63080001,4,6,AGUA
63080002,4,6,BASURA
63090000,3,6,COMUNICACIONES
63090001,4,6,TELEFONOS
63090002,4,6,TELEFONOS CELULARES
63090003,4,6,TELEFONOS DIRECTOS
63090004,4,6,FRAME RELAY
63090005,4,6,CORREO Y CURRIER
63100000,3,6,SERVICIO DE VIGILANCIA
63100001,4,6,VIGILANCIA Y P.PERSONA MORALES
63100002,4,6,VIGILANCIA PERSONA FISICA
63110000,3,6,GRATIF., CUOTAS Y CONTRIB.
63110001,4,6,CONGRESO Y SIMPOSIO
63110002,4,6,GRATIFICACIONES Y CONTRIBUCION
63110003,4,6,PROGRAMA DE BECAS
63110004,4,6,DONACIONES
63130000,3,6,VIAJES Y REPRESENTACION
63130001,4,6,VIAJES Y REPRESENTACION LOCAL
63130002,4,6,VIAJES Y REPRESENTACION EXTERIOR
63130003,4,6,DIETAS Y DORMITORIOS
63130003-41,5,6,DIETAS Y DORMITORIOS JEEP RANCHO ARRIBA
63140000,3,6,GASTOS VEHICULOS
63140001,4,6,COMBUSTIBLES
63140001-41,5,6,COMBUSTIBLES JEEP RANCHO ARRIBA
63140001-42,5,6,COMBUSTIBLES TRACTOR LA COLONIA
63140002,4,6,REPARACIONES DE VEHICULOS
63140002-41,5,6,REPARACIONES DE VEHICULOS JEEP RANCHO ARRIBA
63140002-42,5,6,REPARACIONES DE VEHICULOS TRACTOR LA COLONIA
63140003,4,6,MANTENIMIENTOS DE VEHICULOS
63140003-41,5,6,MANTENIMIENTOS DE VEHICULOS JEEP RANCHO ARRIBA
63140004,4,6,IMPUESTOS, PLACAS Y REVISTAS
63140005,4,6,VEHICULOS DEL PERSONAL
63140006,4,6,OTROS
63140007,4,6,NEUMATICOS
63140007-00,5,6,NEUMATICOS GENERAL
63140007-41,5,6,NEUMATICOS JEEP RANCHO ARRIBA
63140007-42,5,6,NEUMATICOS TRACTOR LA COLONIA
63170000,3,6,TRANSPORTE VARIOS
63170001,4,6,TRANSPORTE DE VALORES
63170002,4,6,TRANSPORTE DE VALIJA
63180000,3,6,PUBLICACIONES Y SUSCRIPCIONES
63180001,4,6,PUBLICACIONES
63180002,4,6,SUSCRIPCIONES
63180003,4,6,LA GARZETA
63190000,3,6,SERVICIOS PROFESIONALES
63190001,4,6,ASESORIA Y GASTOS LEGALES
63190002,4,6,AUDITORIA EXTERNA
63190003,4,6,ASESORIA IMPOSITIVA
63190004,4,6,ASESORIA ECONOMICA
63190005,4,6,ASESORIA LABORAL
63190006,4,6,ASESORIA INFORMATICA
63190007,4,6,ASESORIA CREDITICIA
63190008,4,6,ASESORIA Y SERVICIOS ADMINISTRATIVOS
63200000,3,6,MATERIALES AUXILIARES
63200001,4,6,MATERIALES DE OFICINA
63200002,4,6,IMPRESOS
63200003,4,6,MATERIAL TECNICO (IT)
63200004,4,6,PROGRAMAS
63210000,3,6,GASTOS DE ALMACENAMIENTO
63210001,4,6,ALMACENAMIENTO DE INVENTARIO
63210002,4,6,GASTOS DE PALETAS
63210003,4,6,COMBUSTIBLES MONTACARGAS
63210004,4,6,OTROS GASTOS DE ALMACEN
63220000,3,6,CONSERVACION Y MANTENIMIENTO
63220001,4,6,MANO DE OBRA TERCERO-TERRENO
63220002,4,6,MANO DE OBRA TERCERO-EDIFICIO
63220003,4,6,MANO DE OBRA TERCERO-MAQUINARIA Y E
63220004,4,6,MANO DE OBRA TERCERO-MOBILIARIO Y U
63220005,4,6,MANO DE OBRA TERCERO-TECNOLOGIA DE
63220006,4,6,MATERIALES TERRENO
63220007,4,6,MATERIALES EDIFICIO
63220008,4,6,MATERIALES MAQUINARIA Y EQUIPO
63220009,4,6,MATERIALES MOBILIARIO Y UTILES
63220010,4,6,MATERIALES TECNOLOGIA DE INFORMACIO
63220011,4,6,MENSURA-TERRENO
63220012,4,6,MANO DE OBRA PROPIA-EDIFICIO
63220013,4,6,MANO DE OBRA PROPIA-MAQUINARIA Y EQ
63220014,4,6,MANO DE OBRA PROPIA-MOBILIARIO Y UT
63220015,4,6,MANO DE OBRA PROPIA-TECNOLOGIA DE I
63230000,3,6,REPARACIONES
63230001,4,6,MANO DE OBRA TERCERO-TERRENO
63230002,4,6,MANO DE OBRA TERCERO-EDIFICIO
63230003,4,6,MANO DE OBRA TERCERO-MAQUINARIA Y E
63230004,4,6,MANO DE OBRA TERCERO-MOBILIARIO Y U
63230005,4,6,MANO DE OBRA TERCERO-TECNOLOGIA DE
63230006,4,6,MATERIALES TERRENO
63230007,4,6,MATERIALES EDIFICIO
63230008,4,6,MATERIALES MAQUINARIA Y EQUIPO
63230009,4,6,MATERIALES MOBILIARIO Y UTILES
63230010,4,6,MATERIALES TECNOLOGIA DE INFORMACIO
63230011,4,6,MANO DE OBRA PROPIA-TERRENO
63230012,4,6,MANO DE OBRA PROPIA-EDIFICIO
63230013,4,6,MANO DE OBRA PROPIA-MAQUINARIA Y EQ
63230014,4,6,MANO DE OBRA PROPIA-MOBILIARIO Y UT
63230015,4,6,MANO DE OBRA PROPIA-TECNOLOGIA DE I
63260000,3,6,GASTOS SERVICIO TECNICO
63260001,4,6,EFECTOS TALLER MECANICO
63260002,4,6,ALMACEN DE REPUESTOS
63270000,3,6,MATERIALES DIVERSOS
63270001,4,6,FABRICACION/EMBALAJE
63270002,4,6,MATERIALES DE LIMPIEZA
63290000,3,6,DEPRECIACION
63290002,4,6,DEPRECIACION EDIFICACIONES
63290003,4,6,DEPRECIACION MAQUINARIAS Y EQUIPOS
63290004,4,6,DEPRECIACION MOBILIARIOS Y EQUIPOS
63290005,4,6,DEPRECIACION VEHICULOS
63290006,4,6,DEPRECIACION TECNOLOGIA DE INFORMAC
63990000,3,6,APLICACION GASTOS DE TRANSP.
63990001,4,6,APLICACION GASTOS DE TRANSP.
65000000,2,6,Gastos Generales y Administrativos
65010000,3,6,SUELDOS Y JORNALES
65010001,4,6,SUELDOS Y JORNALES
65010002,4,6,HORAS EXTRAS
65010003,4,6,REGALIA PASCUAL
65010003-00,5,6,REGALIA PASCUAL GENERAL
65010004,4,6,COMISIONES/VENTAS
65010005,4,6,PREMIOS VEND/VISIT/PROM.
65010006,4,6,PAGOS TEMPOREROS
65010007,4,6,PENSIONADOS
65010007-00,5,6,PENSIONADOS GENERAL
65010009,4,6,INCENTIVO
65020000,3,6,GASTOS SOCIALES LEGISLADOS
65020002,4,6,VACACIONES
65020003,4,6,A.R.S.
65020004,4,6,A.F.P.
65020005,4,6,RIESGO DE SALUD
65020006,4,6,INFOTEP
65020007,4,6,SEGUROS SOCIAL
65020008,4,6,PRESTACIONES LABORALES
65020010,4,6,SEGURO FAMILIAR DE SALUD
65030000,3,6,GASTOS SOCIALES VOLUNTARIOS
65030001,4,6,SEGUROS MEDICO Y DE VIDA
65030002,4,6,GASTOS COMEDOR EMPLEADOS
65030004,4,6,ATENCION FUNCIONARIOS Y EMP.
65030004-00,5,6,ATENCION FUNCIONARIOS Y EMP. GENERAL
65030005,4,6,RECLUTAMIENTO Y SELECCION
65030006,4,6,BONO VACACIONAL
65030007,4,6,SEGURO MEDICO (OBREROS)
65030008,4,6,AYUDAS Y REGALOS AL PERSONAL
65030009,4,6,ACTIVIDADES CON EL PERSONAL
65030009-00,5,6,ACTIVIDADES CON EL PERSONAL GENERAL
65030010,4,6,AUSENCIAS PAGADAS
65030011,4,6,TRANSPORTE AL PERSONAL
65040000,3,6,CAPACITACION
65040001,4,6,CAPACITACION Y ENTRENAMIENTO INTERN
65040001-00,5,6,CAPACITACION Y ENTRENAMIENTO INTERN GENERAL
65040002,4,6,CAPACITACION Y ENTRENAMIENTO EXTERN
65040003,4,6,CONVENCIONES Y REUNIONES DE TRABAJO
65050000,3,6,ALQUILERES Y ARRENDAMIENTOS
65050001,4,6,ALQUILER EDIFICIO
65050002,4,6,ALQUILER VEHICULOS Y/O MOVIL
65050004,4,6,ALQUILER DE EQUIPOS
65050005,4,6,OTROS ALQUILERES
65060000,3,6,SEGUROS
65060001,4,6,SEGUROS INCENDIOS Y ALIADOS
65060001-00,5,6,SEGUROS INCENDIOS Y ALIADOS GENERAL
65060002,4,6,SEGUROS DE VEHICULOS
65060003,4,6,SEGUROS RESPONSABILIDAD CIVIL
65060004,4,6,SEGURO DE FIDELIDAD
65060005,4,6,SEGURO TRANSPORTE MERCANCIAS
65060006,4,6,SEGURO PRESTAMO
65070000,3,6,ENERGIA
65070001,4,6,ENERGIA ELECTRICA
65070001-00,5,6,ENERGIA ELECTRICA GENERAL
65070002,4,6,COMBUSTIBLES Y LUBRICANTES
65080000,3,6,AGUA Y BASURA
65080001,4,6,AGUA
65080002,4,6,BASURA
65090000,3,6,COMUNICACIONES
65090001,4,6,TELEFONOS
65090002,4,6,TELEFONOS CELULARES
65090002-00,5,6,TELEFONOS CELULARES GENERAL
65090003,4,6,TELEFONOS DIRECTOS
65090003-00,5,6,TELEFONOS DIRECTOS GENERAL
65090004,4,6,FRAME RELAY
65090005,4,6,CORREO Y CURRIER
65100000,3,6,SERVICIO DE VIGILANCIA
65100001,4,6,VIGILANCIA Y P.PERSONA MORALES
65100002,4,6,VIGILANCIA PERSONA FISICA
65100002-00,5,6,VIGILANCIA PERSONA FISICA GENERAL
65100004,4,6,SISTEMA DE SEGURIDAD
65110000,3,6,GRATIF., CUOTAS Y CONTRIB.
65110001,4,6,CONGRESO Y SIMPOSIO
65110002,4,6,GRATIFICACIONES Y CONTRIBUCION
65110002-00,5,6,GRATIFICACIONES Y CONTRIBUCION GENERAL
65110003,4,6,PROGRAMA DE BECAS
65110004,4,6,DONACIONES
65110004-00,5,6,DONACIONES GENERAL
65130000,3,6,VIAJES Y REPRESENTACION
65130001,4,6,VIAJES Y REPRESENTACION LOCAL
65130001-00,5,6,VIAJES Y REPRESENTACION LOCAL GENERAL
65130002,4,6,VIAJES Y REPRESENTACION EXTERIOR
65130003,4,6,DIETAS Y DORMITORIOS
65140000,3,6,GASTOS VEHICULOS
65140001,4,6,COMBUSTIBLES
65140001-00,5,6,COMBUSTIBLES GENERAL
65140002,4,6,REPARACIONES DE VEHICULOS
65140003,4,6,MANTENIMIENTOS DE VEHICULOS
65140003-00,5,6,MANTENIMIENTOS DE VEHICULOS GENERAL
65140004,4,6,IMPUESTOS, PLACAS Y REVISTAS
65140005,4,6,VEHICULOS DEL PERSONAL
65140006,4,6,OTROS
65170000,3,6,TRANSPORTE VARIOS
65170001,4,6,TRANSPORTE DE VALORES
65170002,4,6,TRANSPORTE DE VALIJA
65170003,4,6,TRANSPORTE GENERAL
65180000,3,6,PUBLICACIONES Y SUSCRIPCIONES
65180001,4,6,PUBLICACIONES
65180002,4,6,SUSCRIPCIONES
65180002-00,5,6,SUSCRIPCIONES GENERAL
65180003,4,6,LA GARZETA
65190000,3,6,SERVICIOS PROFESIONALES
65190001,4,6,ASESORIA Y GASTOS LEGALES
65190001-00,5,6,ASESORIA Y GASTOS LEGALES GENERAL
65190002,4,6,AUDITORIA EXTERNA
65190003,4,6,ASESORIA IMPOSITIVA
65190004,4,6,ASESORIA ECONOMICA
65190005,4,6,ASESORIA LABORAL
65190006,4,6,ASESORIA INFORMATICA
65190007,4,6,ASESORIA CREDITICIA
65190008,4,6,ASESORIA AGRICOLA
65200000,3,6,MATERIALES AUXILIARES
65200001,4,6,MATERIALES DE OFICINA
65200001-00,5,6,MATERIALES DE OFICINA GENERAL
65200002,4,6,IMPRESOS
65200003,4,6,MATERIAL TECNICO (IT)
65200004,4,6,PROGRAMAS
65210000,3,6,GASTOS DE ALMACENAMIENTO
65210001,4,6,ALMACENAMIENTO DE INVENTARIO
65210002,4,6,GASTOS DE PALETAS
65210003,4,6,COMBUSTIBLES MONTACARGAS
65210004,4,6,OTROS GASTOS DE ALMACEN
65220000,3,6,CONSERVACION Y MANTENIMIENTO
65220001,4,6,MANO DE OBRA TERCERO-TERRENO
65220002,4,6,MANO DE OBRA TERCERO-EDIFICIO
65220003,4,6,MANO DE OBRA TERCERO-MAQUINARIA Y E
65220004,4,6,MANO DE OBRA TERCERO-MOBILIARIO Y U
65220005,4,6,MANO DE OBRA TERCERO-TECNOLOGIA DE
65220006,4,6,MATERIALES TERRENO
65220007,4,6,MATERIALES EDIFICIO
65220008,4,6,MATERIALES MAQUINARIA Y EQUIPO
65220008-00,5,6,MATERIALES MAQUINARIA Y EQUIPO GENERAL
65220009,4,6,MATERIALES MOBILIARIO Y UTILES
65220010,4,6,MATERIALES TECNOLOGIA DE INFORMACIO
65220010-00,5,6,MATERIALES TECNOLOGIA DE INFORMACIO GENERAL
65220011,4,6,MANO DE OBRA PROPIA-TERRENO
65220012,4,6,MANO DE OBRA PROPIA-EDIFICIO
65220013,4,6,MANO DE OBRA PROPIA-MAQUINARIA Y EQ
65220014,4,6,MANO DE OBRA PROPIA-MOBILIARIO Y UT
65220015,4,6,MANO DE OBRA PROPIA-TECNOLOGIA DE I
65230000,3,6,REPARACIONES
65230001,4,6,MANO DE OBRA TERCERO-TERRENO
652300016-00,3,6,MANTENIMIENTO EQUIPOS
65230002,4,6,MANO DE OBRA TERCERO-EDIFICIO
65230003,4,6,MANO DE OBRA TERCERO-MAQUINARIA Y E
65230004,4,6,MANO DE OBRA TERCERO-MOBILIARIO Y U
65230005,4,6,MANO DE OBRA TERCERO-TECNOLOGIA DE
65230006,4,6,MATERIALES TERRENO
65230007,4,6,MATERIALES EDIFICIO
65230007-00,5,6,MATERIALES EDIFICIO GENERAL
65230008,4,6,MATERIALES MAQUINARIA Y EQUIPO
65230009,4,6,MATERIALES MOBILIARIO Y UTILES
65230010,4,6,MATERIALES TECNOLOGIA DE INFORMACIO
65230011,4,6,MANO DE OBRA PROPIA-TERRENO
65230012,4,6,MANO DE OBRA PROPIA-EDIFICIO
65230013,4,6,MANO DE OBRA PROPIA-MAQUINARIA Y EQ
65230014,4,6,MANO DE OBRA PROPIA-MOBILIARIO Y UT
65230015,4,6,MANO DE OBRA PROPIA-TECNOLOGIA DE I
65260000,3,6,GASTOS SERVICIO TECNICO
65260001,4,6,EFECTOS TALLER MECANICO
65260002,4,6,ALMACEN DE REPUESTOS
65270000,3,6,MATERIALES DIVERSOS
65270001,4,6,FABRICACION/EMBALAJE
65270002,4,6,MATERIALES DE LIMPIEZA
65270002-00,5,6,MATERIALES DE LIMPIEZA GENERAL
65270002-01,5,6,LIMPIEZA DE OFICINA GENERAL
65290000,3,6,DEPRECIACION
65290002,4,6,DEPRECIACION EDIFICACIONES
65290003,4,6,DEPRECIACION MAQUINARIAS Y EQUIPOS
65290004,4,6,DEPRECIACION MOBILIARIOS Y EQUIPOS
65290005,4,6,DEPRECIACION VEHICULOS
65290006,4,6,DEPRECIACION TECNOLOGIA DE INFORMAC
65960000,3,6,BONIFICACIONES
65960001,4,6,BONIFICACIONES
65970000,3,6,OTROS GASTOS GENERALES
65970001,4,6,GASTOS DE ORGANIZACION
65970002,4,6,AMORTIZACION MEJORAS
65970003,4,6,RETRIBUCIONES COMPLEMENTARIAS
65970005,4,6,GTOS. NO ADMITIDOS POR LA DGII
65970006,4,6,PERDIDA EN RETIRO ACTIVO FIJO
65970007,4,6,PERDIDA EN RECLAM.DE SEGUROS
65970008,4,6,AMNISTIA FISCAL
65970009,4,6,COMISIONES VARIAS
65970010,4,6,COMS.MANEJO PREST.PIGN.ARROZ
65970011,4,6,MISCELANEOS
65970011-00,5,6,MISCELANEOS GENERAL
65970012,4,6,LEY 11-92  ART.382  ISR 0.15% BCOS.
65970013,4,6,ASISTENCIA ECONOMICA
65970014,4,6,DESCUENTOS POR SERVICIOS
65970015,4,6,ITBIS POR SERVICIOS
65970096,4,6,AJUSTE POR PRECISION RD$
65970097,4,6,AJUSTE POR PRECISION US$
65970098,4,6,GASTOS SIN NCF O NCF NO VALIDO
65980000,3,6,RESULTADO CAMBIARIO
65980001,4,6,DIFERENCIA FLUCTUACION CAMBIARIA(PR
65980002,4,6,DIFERENCIA FLUCTUACION CAMBIARIA(EX
65980003,4,6,DIFERENCIA FLUCTUACION CAMBIARIA MP
65990000,3,6,CUENTAS DUDOSAS
65990001,4,6,CUENTAS DUDOSAS
65990002,4,6,BONOS BANCO DE RESERVAS
65990003,4,6,RECLASIFICACION CUENTAS INICIALES
69000000,2,6,Gastos Financieros
69010000,3,6,INTERESES/PRESTAMOS
69010001,4,6,BANCO B.H.D, S.A.
69010002,4,6,BANCO DE RESERVAS R.D.
69010003,4,6,BANCO POPULAR DOMINICANO
69010004,4,6,BANCO NOVA SCOTIA
69010005,4,6,INT/PRESTAMOS BANCARIOS
69010006,4,6,COTISA-BHD
69010007,4,6,BANCREDITO
69010008,4,6,DEPOSITO PERSONA MORALES
69010009,4,6,DEPOSITO PERSONA FISICA
69010010,4,6,BANCO METROPOLITANO, S.A.
69010099,4,6,ITBIS POR SERVICIOS
69020000,3,6,OTROS GASTOS FINANCIEROS
69020001,4,6,COMISIONES Y GASTOS BANCARIOS
69020001-00,5,6,COMISIONES Y GASTOS BANCARIOS GENERAL
69020002,4,6,OTROS INTERESES
69020003,4,6,COMS.MANEJO PREST. PIGNORADO
70000000,1,6,COSTOS Y GASTOS DIVERSOS
